KEGG_GLYCOLYSIS_GLUCONEOGENESIS_1,Phantom,GCK,PGK2,PGK1,PDHA1,PDHA2,TPI1,ADH1B,HK2,ADH1C,PGAM2,ADH5,ADH1A,ALDH7A1,LDHAL6B,PKLR,PCK1,ALDH1B1,ALDH3A1,FBP2,PFKM,LDHC,ENO3,ADH7,ADH6,ALDH1A3,ALDH3B2,ALDH3A2,DLAT,ALDOB,G6PC2,G6PC,,,,,,,,,,,,,,,,,,,,,,,,,,,,,,,,,,,,,,,,,,,,,,,,,,,,,,,,,,,,,,,,,,,,,,,,,,,,,,,,,,,,,,,,,,,,,,,,,,,,,,,,,,,,,,,,,,,,,,,,,,,,,,,,
KEGG_GLYCOLYSIS_GLUCONEOGENESIS_2,Phantom,FBP1,HK1,HK3,ALDOC,ENO1,PFKP,PCK2,ALDH2,AKR1A1,PFKL,GAPDH,ENO2,LDHB,ALDH3B1,,,,,,,,,,,,,,,,,,,,,,,,,,,,,,,,,,,,,,,,,,,,,,,,,,,,,,,,,,,,,,,,,,,,,,,,,,,,,,,,,,,,,,,,,,,,,,,,,,,,,,,,,,,,,,,,,,,,,,,,,,,,,,,,,,,,,,,,,,,,,,,,,
KEGG_STARCH_AND_SUCROSE_METABOLISM_1,Phantom,ENPP3,GCK,ENPP1,UGT2B28,GYS2,HK2,GBA3,TREH,PYGM,UGT2A3,SI,G6PC2,G6PC,UGT2B4,UGT2B17,UGT2B15,,,,,,,,,,,,,,,,,,,,,,,,,,,,,,,,,,,,,,,,,,,,,,,,,,,,,,,,,,,,,,,,,,,,,,,,,,,,,,,,,,,,,,,,,,,,,,,,,,,,,,,,,,,,,,,,,,,,,,,,,,,,,,,,,,,,,,,,,,,,,,,
KEGG_STARCH_AND_SUCROSE_METABOLISM_2,Phantom,UXS1,UGDH,MGAM,HK3,HK1,GUSB,PYGB,PYGL,AGL,GAA,,,,,,,,,,,,,,,,,,,,,,,,,,,,,,,,,,,,,,,,,,,,,,,,,,,,,,,,,,,,,,,,,,,,,,,,,,,,,,,,,,,,,,,,,,,,,,,,,,,,,,,,,,,,,,,,,,,,,,,,,,,,,,,,,,,,,,,,,,,,,,,,,,,,,
KEGG_PORPHYRIN_AND_CHLOROPHYLL_METABOLISM_1,Phantom,BLVRA,UGT2B28,UGT2B4,CP,UGT2A3,UGT2B17,UGT2B15,,,,,,,,,,,,,,,,,,,,,,,,,,,,,,,,,,,,,,,,,,,,,,,,,,,,,,,,,,,,,,,,,,,,,,,,,,,,,,,,,,,,,,,,,,,,,,,,,,,,,,,,,,,,,,,,,,,,,,,,,,,,,,,,,,,,,,,,,,,,,,,,,,,,,,,,
KEGG_PORPHYRIN_AND_CHLOROPHYLL_METABOLISM_2,Phantom,ALAD,CPOX,BLVRB,UROS,HCCS,GUSB,FECH,HMOX1,HMOX2,PPOX,UROD,COX15,EPRS,,,,,,,,,,,,,,,,,,,,,,,,,,,,,,,,,,,,,,,,,,,,,,,,,,,,,,,,,,,,,,,,,,,,,,,,,,,,,,,,,,,,,,,,,,,,,,,,,,,,,,,,,,,,,,,,,,,,,,,,,,,,,,,,,,,,,,,,,,,,,,,,,,
KEGG_RIBOSOME_1,Phantom,RPL35,RPL3,RPL32,RPL37,RPS15A,FAU,RPS16,RPL27,RPS17,RPL24,RPL29,UBA52,RPL30,RPL36,RPS19,RPS18,RPS5,RPL22,RPL23A,RPL10A,RPL15,RPL12,RPL41,RPL39,RPL11,RPL8,RPL9,RPS27,RPS25,RPS29,RPS27A,RPLP0,RPS24,RPS9,RPS23,RPS21,RPL7,RPL6,,,,,,,,,,,,,,,,,,,,,,,,,,,,,,,,,,,,,,,,,,,,,,,,,,,,,,,,,,,,,,,,,,,,,,,,,,,,,,,,,,,,,,,,,,,,,,,,,,,,,,,,,,,,,,,,,,,,,,,,,
KEGG_RIBOSOME_2,Phantom,RPL3L,RPL31,RPS10,RPL34,RPS11,RPS12,RPL35A,RPL37A,RPL38,RPL14,RPL27A,RPS4Y1,RPL26L1,RPS6,RPLP2,RPL18,RPS27L,MRPL13,RPS28,RSL24D1,RPS8,RPS7,RPL10L,,,,,,,,,,,,,,,,,,,,,,,,,,,,,,,,,,,,,,,,,,,,,,,,,,,,,,,,,,,,,,,,,,,,,,,,,,,,,,,,,,,,,,,,,,,,,,,,,,,,,,,,,,,,,,,,,,,,,,,,,,,,,,,,,,,,,,,,
KEGG_CYTOKINE_CYTOKINE_RECEPTOR_INTERACTION_1,Phantom,TNFSF13,TNFRSF8,TNFSF10,TNFSF8,TNFSF14,IL21R,CCL5,CCL4,FLT3LG,CD27,CSF1R,IL13RA1,TNFRSF14,CSF2RB,CSF2RA,CCR2,TGFBR2,CXCR3,CSF3R,INHBC,CXCR4,IL1R2,IL15,LTB,LTBR,CD40LG,IL18RAP,IL17RA,CX3CR1,EDAR,PDGFC,CXCL1,TNF,CXCR5,CXCR2,CXCR1,IL7R,IL11RA,TNFRSF1B,TNFRSF1A,CCR3,CCR5,CCR6,CCR7,IL10RA,IL10RB,IL3RA,IL2RB,CCR1,IFNGR1,TNFRSF10C,IFNAR2,IL1RAP,IL1B,IL6R,PF4,PF4V1,FAS,FASLG,PPBP,IL4R,,,,,,,,,,,,,,,,,,,,,,,,,,,,,,,,,,,,,,,,,,,,,,,,,,,,,,,,,,,,,,,,,,,,,,,,,,,,,,,,,,,,,,,,,,,,,,,,,,
KEGG_CYTOKINE_CYTOKINE_RECEPTOR_INTERACTION_2,Phantom,HGF,CCL2,TNFSF9,CCL13,IL17RB,CCL11,CCL8,CCL7,TNFRSF17,TNFSF11,IL23A,CTF1,FLT1,FLT3,FLT4,IL22,CCL18,CCL17,CCL20,CCL19,CCL21,CCL23,CCL22,TPO,CCL16,CSF2,CSF1,PRLR,PRL,CCL24,TGFB2,TGFB1,CX3CL1,XCL1,CXCL5,CXCL11,CXCL6,CCL25,CSF3,TGFBR1,MET,TGFB3,CLCF1,IL17B,CXCL12,CCR10,OSMR,XCR1,INHBE,CXCL10,MPL,CCL27,INHBB,INHBA,KITLG,KIT,CD70,TNFRSF11B,CXCR6,LEP,IL19,LTA,IL17A,IL18,TNFRSF9,OSM,GDF5,CXCL13,TNFRSF25,IL22RA1,CD40,GHR,CXCL9,GH1,LIF,GH2,LIFR,TNFRSF4,PDGFRB,EDA,CXCL14,IL1A,IL24,CNTF,CNTFR,VEGFA,VEGFC,VEGFB,CCR9,NGFR,PDGFA,ACVRL1,PDGFB,ACVR2B,PDGFRA,ACVR2A,ACVR1B,TNFRSF13B,IL25,TNFSF15,EPO,IL9R,IFNA5,IFNA4,IFNA2,IFNA1,IL9,IL12B,IL13,IL12RB2,IL12A,KDR,IFNA17,IFNA21,TNFRSF12A,IFNA7,CCR4,IFNA8,IFNA10,IFNA14,CCR8,IFNA16,IL26,IL10,EDA2R,EPOR,IL11,IL3,EGFR,EGF,CCL1,IFNG,TNFRSF10D,IFNB1,TNFRSF11A,TNFRSF10B,AMHR2,IL1R1,IL2RA,IL21,TNFSF18,IL2,IL20RA,BMPR2,BMPR1A,BMPR1B,CRLF2,IL6ST,IL7,CXCL2,CXCL3,BMP2,BMP7,TNFRSF21,IFNW1,IL4,IL5,IL5RA,IL6
KEGG_CHEMOKINE_SIGNALING_PATHWAY_1,Phantom,STAT3,STAT1,CCL5,CCL4,CX3CR1,ROCK1,AKT1,DOCK2,ARRB2,ARRB1,STAT5B,NFKBIB,PIK3R5,RELA,FGR,GNB2,GNG11,ADCY3,CCR2,CXCR3,CSK,FOXO3,PRKACB,PAK1,GNAI3,CRK,GNB1,PTK2B,CHUK,ADCY7,CXCR5,WAS,CXCR4,CXCR2,CXCR1,PRKCD,HCK,RAC2,CCR3,CCR5,PRKCZ,CCR7,GRB2,MAPK3,SOS1,MAPK1,IKBKG,HRAS,CCR1,ITK,PF4,PF4V1,GRK6,PPBP,LYN,,,,,,,,,,,,,,,,,,,,,,,,,,,,,,,,,,,,,,,,,,,,,,,,,,,,,,,,,,,,,,,,,,,,,,,,,,,,,,,,,,,,,,,,,,,,,,,,,,,,,,,,
KEGG_CHEMOKINE_SIGNALING_PATHWAY_2,Phantom,STAT2,CCL2,ADRBK2,ADRBK1,CCL13,CCL11,CCL8,CCL7,PTK2,CXCL14,IKBKB,AKT2,JAK3,JAK2,CCL18,CCL17,CCL20,VAV2,CCL19,AKT3,NRAS,CCL21,CCL23,TIAM1,CCL22,GNG13,GRK1,CCL16,GNG7,KRAS,SHC3,GNB3,CCL24,GNG4,GNG3,GNAI1,GNAI2,GNGT1,CX3CL1,XCL1,CXCL5,CXCL11,ADCY2,CXCL6,ADCY1,CCR9,CCL25,PXN,PRKACA,GNB5,PRKACG,CXCL12,CCR10,CRKL,XCR1,CDC42,PLCB2,SOS2,ADCY8,CXCL10,PLCB1,ADCY9,ADCY6,CXCL1,PLCB3,PLCB4,CCL27,WASL,RASGRP2,CCR4,CXCR6,CCR6,CCR8,GSK3A,CCL1,CXCL13,GNG12,ROCK2,PIK3R3,TIAM2,CXCL2,CXCL3,PIK3CB,CXCL9,PIK3CD,SHC2,GRK4,PARD3,GRK5,PIK3CG,PIK3R1,PIK3R2,,,,,,,,,,,,,,,,,,,,,,,,,,,,,,,,,,,,,,,,,,,,,,,,,,,,,,,,,,,,,,,,,,,
KEGG_ENDOCYTOSIS_1,Phantom,F2R,IQSEC1,ADRBK2,ADRB2,IGF1R,CLTCL1,HGS,VPS37C,HLA-G,CHMP2B,RAB11FIP1,ACAP1,ARRB2,AP2A2,ARRB1,AP2B1,CSF1R,SH3GLB1,RAB31,TRAF6,PIP5K1C,NEDD4L,CHMP5,IQSEC2,HLA-E,ARAP3,ASAP2,RAB11FIP5,ARAP1,RAB22A,EHD1,SH3GLB2,PARD6A,CHMP6,RNF41,ARF6,CHMP1B,PSD4,WWP1,HLA-C,CXCR4,CXCR2,CXCR1,HLA-A,DNM1L,TFRC,RAB11FIP2,GIT2,LDLRAP1,CCR5,PRKCZ,HSPA6,RAB5C,DAB2,HRAS,VPS37B,IL2RB,EGF,ARFGAP2,RAB5B,EHD4,RAB5A,IL2RA,EHD3,AP2M1,SNF8,GRK6,GRK5,ASAP1,EPN1,,,,,,,,,,,,,,,,,,,,,,,,,,,,,,,,,,,,,,,,,,,,,,,,,,,,,,,,,,,,,,,,,,,,,,,,,,,,,,,,,,,,,,,,,
KEGG_ENDOCYTOSIS_2,Phantom,EPN3,IQSEC3,ADRBK1,ADRB3,ADRB1,PIP4K2B,FLT1,MDM2,PIP5K1A,PIP5K1B,EEA1,GRK1,SMURF1,DNM2,PARD6B,LDLR,MET,RAB11B,PDGFRA,AGAP1,AGAP2,CBLC,ACAP2,PLD1,ITCH,CDC42,DNAJC6,PRKCI,SH3GL3,ERBB4,ERBB3,HSPA2,RAB11FIP4,SH3GL2,FGFR2,KDR,KIT,FGFR4,DNM1,FGFR3,RET,PSD3,ASAP3,EGFR,CBLB,CBL,PSD,NEDD4,EHD2,SRC,STAM2,RABEP1,VPS45,RAB11FIP3,CLTA,CLTB,CLTC,GRK4,PARD3,NTRK1,,,,,,,,,,,,,,,,,,,,,,,,,,,,,,,,,,,,,,,,,,,,,,,,,,,,,,,,,,,,,,,,,,,,,,,,,,,,,,,,,,,,,,,,,,,,,,,,,,,
KEGG_CARDIAC_MUSCLE_CONTRACTION_1,Phantom,COX8A,COX7C,ATP1B3,COX7A2,COX6C,ATP1A1,COX6A1,UQCRFS1,UQCRC1,UQCR11,COX7A2L,COX5A,CACNG4,CYC1,,,,,,,,,,,,,,,,,,,,,,,,,,,,,,,,,,,,,,,,,,,,,,,,,,,,,,,,,,,,,,,,,,,,,,,,,,,,,,,,,,,,,,,,,,,,,,,,,,,,,,,,,,,,,,,,,,,,,,,,,,,,,,,,,,,,,,,,,,,,,,,,,
KEGG_CARDIAC_MUSCLE_CONTRACTION_2,Phantom,CACNA2D1,CACNB1,CACNB2,CACNB3,CACNB4,CACNG1,FXYD2,RYR2,ATP2A2,TPM2,TPM1,ATP1B2,ATP1B1,COX7B,COX7A1,CACNA2D3,CACNA1D,SLC8A1,COX5B,SLC9A1,CACNA1C,TNNI3,CACNA1F,COX4I1,CACNA2D2,CACNA1S,ATP1A3,TNNC1,ATP1A2,UQCRB,COX6A2,TPM4,ACTC1,TPM3,CACNG2,CACNG3,UQCRQ,MYL3,TNNT2,MYL2,CACNG5,MYH7,MYH6,ATP1B4,,,,,,,,,,,,,,,,,,,,,,,,,,,,,,,,,,,,,,,,,,,,,,,,,,,,,,,,,,,,,,,,,,,,,,,,,,,,,,,,,,,,,,,,,,,,,,,,,,,,,,,,,,,,,,,,,,,
KEGG_CELL_ADHESION_MOLECULES_CAMS_1,Phantom,CDH5,CDH3,NLGN3,CDH4,CD80,NLGN1,CD28,PDCD1LG2,ITGA9,NRCAM,ITGAM,CD34,ICOSLG,CADM3,CADM1,CD22,VCAM1,SPN,ITGB1,CDH2,JAM2,CTLA4,CLDN18,CD4,CNTN1,NRXN3,ALCAM,SELE,CD6,CLDN17,L1CAM,ITGB8,MAG,NFASC,NRXN1,HLA-DQA1,HLA-DQB1,NRXN2,CLDN16,MADCAM1,SDC2,SDC1,OCLN,PVR,PVRL2,CDH1,PVRL1,HLA-DOA,CLDN10,CLDN8,CLDN6,CLDN1,NEO1,F11R,PDCD1,PTPRF,CD226,CNTNAP2,MPZ,PVRL3,ITGA8,NCAM2,NCAM1,CD58,CLDN11,SDC3,CLDN7,CLDN4,PTPRM,CLDN3,CNTN2,CNTNAP1,CD40,CDH15,CLDN14,NLGN4X,,,,,,,,,,,,,,,,,,,,,,,,,,,,,,,,,,,,,,,,,,,,,,,,,,,,,,,,,,,,,,,,,,,,,,,,,,,,,,,,,,,
KEGG_CELL_ADHESION_MOLECULES_CAMS_2,Phantom,JAM3,CD86,ITGAL,ITGA4,ICOS,SIGLEC1,HLA-G,PECAM1,ITGB7,ITGAV,SELPLG,HLA-DRB4,CD8A,CD8B,VCAN,HLA-E,HLA-DPA1,HLA-DPB1,CD2,SDC4,HLA-DRA,ICAM2,ICAM3,CLDN5,ICAM1,HLA-C,HLA-DMB,HLA-A,CLDN15,CD99,MPZL1,PTPRC,ITGA6,CD40LG,GLG1,,,,,,,,,,,,,,,,,,,,,,,,,,,,,,,,,,,,,,,,,,,,,,,,,,,,,,,,,,,,,,,,,,,,,,,,,,,,,,,,,,,,,,,,,,,,,,,,,,,,,,,,,,,,,,,,,,,,,,,,,,,,
KEGG_GAP_JUNCTION_1,Phantom,TUBA1A,ADCY7,TUBB3,TUBB2A,TUBA1B,GRB2,CSNK1D,TUBA4A,TUBB,,,,,,,,,,,,,,,,,,,,,,,,,,,,,,,,,,,,,,,,,,,,,,,,,,,,,,,,,,,,,,,,,,,,,,,,,,,,,,,,,,,,,,,,,,,,,,,,,,,,,,,,,,,,,,,,,,,,,,,,,,,,,,,,,,,,,,,,,,,,,,,,,,,,,,
KEGG_GAP_JUNCTION_2,Phantom,PLCB2,GRM5,SOS2,ADCY8,PLCB1,ADCY9,ADCY6,PRKCA,PLCB3,PLCB4,GRM1,CDK1,PDGFD,TUBB4A,ADRB1,PRKCG,PDGFRB,MAP2K2,ITPR3,MAP2K5,LPAR1,NRAS,MAPK3,DRD1,GUCY1B3,DRD2,MAPK7,GUCY1A3,PRKG1,SOS1,TUBB7P,PRKG2,MAPK1,HRAS,GJD2,EGFR,TUBB2B,ITPR1,ITPR2,PDGFC,TUBAL3,GNA11,KRAS,EGF,GJA1,GNAI1,HTR2A,GNAI2,GUCY1A2,HTR2C,HTR2B,TUBA8,ADCY3,ADCY2,ADCY1,TJP1,TUBB1,SRC,PDGFA,PDGFB,PDGFRA,PRKACA,PRKACB,GNAQ,PRKACG,GNAS,GNAI3,TUBB6,MAP3K2,,,,,,,,,,,,,,,,,,,,,,,,,,,,,,,,,,,,,,,,,,,,,,,,,,,,,,,,,,,,,,,,,,,,,,,,,,,,,,,,,,,,,,,,,,
KEGG_ANTIGEN_PROCESSING_AND_PRESENTATION_1,Phantom,HLA-DOA,KLRC3,KLRD1,RFXAP,IFNA5,IFNA4,IFNA2,IFNA1,HSPA2,KIR2DS5,KIR3DL1,CREB1,IFNA17,HSPA4,IFNA21,IFNA7,IFNA8,IFNA10,CIITA,IFNA14,IFNA16,KIR2DL5A,CD4,KIR2DL1,LTA,KIR3DL3,TAP2,KIR2DS4,TAPBP,KIR2DS3,KIR2DL4,KIR2DS1,KIR2DL2,KIR2DL3,KLRC4,NFYA,NFYB,HLA-DQA1,HLA-DQB1,,,,,,,,,,,,,,,,,,,,,,,,,,,,,,,,,,,,,,,,,,,,,,,,,,,,,,,,,,,,,,,,,,,,,,,,,,,,,,,,,,,,,,,,,,,,,,,,,,,,,,,,,,,,,,,,,,,,,,,,
KEGG_ANTIGEN_PROCESSING_AND_PRESENTATION_2,Phantom,RFX5,PSME3,CTSS,HLA-C,HLA-DMB,HLA-A,HLA-G,RFXANK,HSPA6,HLA-DRB4,CD8A,CD8B,TAP1,CANX,NFYC,HSP90AA1,CTSB,HLA-E,CALR,HLA-DPA1,HLA-DPB1,PDIA3,PSME1,HSP90AB1,HLA-DRA,,,,,,,,,,,,,,,,,,,,,,,,,,,,,,,,,,,,,,,,,,,,,,,,,,,,,,,,,,,,,,,,,,,,,,,,,,,,,,,,,,,,,,,,,,,,,,,,,,,,,,,,,,,,,,,,,,,,,,,,,,,,,,,,,,,,,,
KEGG_JAK_STAT_SIGNALING_PATHWAY_1,Phantom,STAT3,STAT4,STAT1,JAK1,AKT1,STAT6,MYC,IL13RA1,CSF2RB,BCL2L1,CSF3R,CISH,PTPN6,IL7R,IRF9,GRB2,IL10RA,IL10RB,IL2RB,IFNGR1,IFNAR2,PIM1,IL4R,,,,,,,,,,,,,,,,,,,,,,,,,,,,,,,,,,,,,,,,,,,,,,,,,,,,,,,,,,,,,,,,,,,,,,,,,,,,,,,,,,,,,,,,,,,,,,,,,,,,,,,,,,,,,,,,,,,,,,,,,,,,,,,,,,,,,,,,
KEGG_JAK_STAT_SIGNALING_PATHWAY_2,Phantom,STAT2,IL21R,CREBBP,SOCS5,IL23A,CTF1,SPRY4,IL22,AKT2,JAK3,JAK2,AKT3,STAT5B,TPO,IL24,PIK3R5,CSF2,IL13RA2,PIAS1,CNTF,PRLR,CNTFR,PRL,SOCS1,CSF2RA,CSF3,SOCS3,CCND1,CSH1,PIAS4,CBLC,CLCF1,OSMR,CCND2,SOS2,EPO,PTPN11,IL9R,MPL,SPRED2,IFNA5,IFNA4,IFNA2,SOCS2,IFNA1,IL9,IL12B,IL13,IL12RB2,IL11RA,IL12A,IFNA17,PIAS2,IFNA21,IFNA7,IFNA8,IFNA10,IFNA14,LEP,IFNA16,IL26,IL19,IL10,SOS1,EPOR,IL11,IL3RA,IL3,EP300,CBLB,OSM,CBL,IL15,IFNG,IFNB1,IL21,IL2RA,IL22RA1,IL20RA,IL2,IL6R,PIK3R3,CRLF2,SPRY2,IL6ST,SPRY1,IL7,STAM2,GHR,PIK3CB,PIK3CD,LIF,GH1,GH2,IFNW1,LIFR,IL4,IL5,PIK3CG,SOCS7,IL5RA,PIK3R1,IL6,PIK3R2,,,,,,,,,,,,,,,,,,,,,,,,,,,,,,,,,,,,,,,,,,,,,,,,,,,,,,,
KEGG_NATURAL_KILLER_CELL_MEDIATED_CYTOTOXICITY_1,Phantom,ZAP70,TNFSF10,ITGAL,PPP3R1,FCER1G,HLA-G,PRF1,GZMB,CD247,HLA-E,LCP2,LCK,ICAM2,HLA-C,PTPN6,HLA-A,RAC2,BID,TYROBP,GRB2,CD48,LAT,IFNGR1,MICB,TNFRSF10C,,,,,,,,,,,,,,,,,,,,,,,,,,,,,,,,,,,,,,,,,,,,,,,,,,,,,,,,,,,,,,,,,,,,,,,,,,,,,,,,,,,,,,,,,,,,,,,,,,,,,,,,,,,,,,,,,,,,,,,,,,,,,,,,,,,,,,
KEGG_NATURAL_KILLER_CELL_MEDIATED_CYTOTOXICITY_2,Phantom,PPP3CC,VAV2,NRAS,CHP2,NFAT5,CSF2,PIK3R5,NCR1,NCR2,NFATC4,NFATC3,KRAS,SHC3,PAK1,PLCG1,PTK2B,NFATC1,SOS2,PTPN11,KLRC3,KLRD1,PRKCA,TNF,IFNA5,IFNA4,IFNA2,ICAM1,IFNA1,PRKCG,SH3BP2,MAP2K2,KIR2DS5,RAC3,KIR3DL1,IFNA17,CASP3,IFNA21,IFNA7,IFNA8,IFNA10,IFNA14,IFNA16,MAPK3,KIR2DL5A,SOS1,MAPK1,KIR2DL1,HRAS,KIR2DS4,KIR2DS3,KIR2DL4,ULBP1,KIR2DS1,ULBP2,KIR2DL2,KIR2DL3,IFNG,TNFRSF10D,SYK,IFNB1,TNFRSF10B,IFNAR2,MICA,PIK3R3,NCR3,CD244,PPP3CB,PPP3CA,PIK3CB,FAS,PIK3CD,SHC2,FASLG,FYN,PIK3CG,PIK3R1,SH2D1A,PIK3R2,,,,,,,,,,,,,,,,,,,,,,,,,,,,,,,,,,,,,,,,,,,,,,,,,,,,,,,,,,,,,,,,,,,,,,,,,,,,,,,,,
KEGG_LEUKOCYTE_TRANSENDOTHELIAL_MIGRATION_1,Phantom,CDH5,MLLT4,ITGAM,ITGA4,ROCK1,MMP2,PTK2,MYL7,VCAM1,ITGB1,THY1,VAV2,JAM2,CLDN18,MAPK14,MAPK12,VCL,CLDN17,GNAI1,MYL2,GNAI2,MYL5,PXN,RAPGEF3,MYL10,ARHGAP5,CLDN16,CXCL12,PLCG1,PTK2B,OCLN,CDC42,ACTN2,ACTN3,PTPN11,PRKCA,CLDN10,CLDN8,CLDN6,CLDN5,CLDN1,ICAM1,PRKCG,MYLPF,F11R,NOX1,MAPK11,MAPK13,ARHGAP35,CTNNA2,CLDN11,CLDN7,CLDN4,CLDN3,ROCK2,PIK3R3,CLDN14,PIK3CB,PIK3CD,CTNNA3,NOX3,RAPGEF4,PIK3CG,CYBB,PIK3R1,PIK3R2,,,,,,,,,,,,,,,,,,,,,,,,,,,,,,,,,,,,,,,,,,,,,,,,,,,,,,,,,,,,,,,,,,,,,,,,,,,,,,,,,,,,,,,,,,,,,
KEGG_LEUKOCYTE_TRANSENDOTHELIAL_MIGRATION_2,Phantom,JAM3,TXK,ITGAL,NCF4,MMP9,PECAM1,VASP,MYL12A,CTNNA1,PIK3R5,GNAI3,EZR,RHOH,MYL9,CXCR4,ACTN4,ACTN1,RAC2,CLDN15,CD99,ITK,MYL12B,ACTB,,,,,,,,,,,,,,,,,,,,,,,,,,,,,,,,,,,,,,,,,,,,,,,,,,,,,,,,,,,,,,,,,,,,,,,,,,,,,,,,,,,,,,,,,,,,,,,,,,,,,,,,,,,,,,,,,,,,,,,,,,,,,,,,,,,,,,,,
KEGG_TYPE_I_DIABETES_MELLITUS_1,Phantom,HLA-DRB4,CD86,TNF,HLA-C,IL1B,HLA-DMB,HLA-E,HLA-A,HLA-DPA1,HLA-DPB1,HLA-G,HSPD1,PRF1,FAS,GZMB,HLA-DRA,,,,,,,,,,,,,,,,,,,,,,,,,,,,,,,,,,,,,,,,,,,,,,,,,,,,,,,,,,,,,,,,,,,,,,,,,,,,,,,,,,,,,,,,,,,,,,,,,,,,,,,,,,,,,,,,,,,,,,,,,,,,,,,,,,,,,,,,,,,,,,,
KEGG_TYPE_I_DIABETES_MELLITUS_2,Phantom,LTA,HLA-DOA,CD80,CD28,ICA1,IFNG,PTPRN2,INS,PTPRN,IL2,IL12B,GAD1,HLA-DQA1,IL12A,CPE,HLA-DQB1,GAD2,IL1A,FASLG,,,,,,,,,,,,,,,,,,,,,,,,,,,,,,,,,,,,,,,,,,,,,,,,,,,,,,,,,,,,,,,,,,,,,,,,,,,,,,,,,,,,,,,,,,,,,,,,,,,,,,,,,,,,,,,,,,,,,,,,,,,,,,,,,,,,,,,,,,,,
KEGG_PARKINSONS_DISEASE_1,Phantom,NDUFA5,COX5B,UCHL1,SNCAIP,VDAC1,VDAC3,ATP5G2,SLC25A4,SLC18A1,SLC18A2,NDUFA4L2,TH,SLC25A31,COX7A1,PARK2,COX6A2,NDUFB7,GPR37,SLC6A3,,,,,,,,,,,,,,,,,,,,,,,,,,,,,,,,,,,,,,,,,,,,,,,,,,,,,,,,,,,,,,,,,,,,,,,,,,,,,,,,,,,,,,,,,,,,,,,,,,,,,,,,,,,,,,,,,,,,,,,,,,,,,,,,,,,,,,,,,,,,
KEGG_PARKINSONS_DISEASE_2,Phantom,NDUFA4,UBE2L6,ATP5O,COX4I1,ATP5H,NDUFA2,NDUFA1,APAF1,UBE2G2,UBE2G1,VDAC2,UQCRQ,ATP5D,UBE2L3,COX7A2L,ATP5G3,ATP5G1,ATP5E,COX5A,SLC25A6,SLC25A5,ATP5J,CYCS,COX8A,COX7C,PPID,SDHD,SDHB,SDHC,PINK1,COX7B,COX7A2,COX6C,UBE2J1,ATP5C1,UBB,CASP3,UQCRB,COX6A1,UQCRFS1,UQCRC1,NDUFB3,NDUFB1,NDUFB2,NDUFAB1,NDUFA9,NDUFA7,NDUFA8,UQCR11,HTRA2,NDUFA6,SNCA,NDUFV2,NDUFB6,NDUFB8,NDUFS6,NDUFS3,NDUFB5,CYC1,,,,,,,,,,,,,,,,,,,,,,,,,,,,,,,,,,,,,,,,,,,,,,,,,,,,,,,,,,,,,,,,,,,,,,,,,,,,,,,,,,,,,,,,,,,,,,,,,,,,
KEGG_AMYOTROPHIC_LATERAL_SCLEROSIS_ALS_1,Phantom,TNF,CAT,PPP3R1,BAD,CCS,MAP3K5,SOD1,BID,MAPK13,BAX,TNFRSF1B,CASP1,CASP3,TNFRSF1A,DAXX,MAPK14,APAF1,GPX1,RAB5A,BCL2L1,PPP3CB,TP53,PPP3CA,DERL1,CYCS,,,,,,,,,,,,,,,,,,,,,,,,,,,,,,,,,,,,,,,,,,,,,,,,,,,,,,,,,,,,,,,,,,,,,,,,,,,,,,,,,,,,,,,,,,,,,,,,,,,,,,,,,,,,,,,,,,,,,,,,,,,,,,,,,,,,,,
KEGG_AMYOTROPHIC_LATERAL_SCLEROSIS_ALS_2,Phantom,PPP3CC,GRIN1,GRIN2A,MAPK11,GRIN2B,GRIN2C,GRIN2D,NOS1,NEFM,GRIA2,SLC1A2,NEFH,GRIA1,MAP2K6,NEFL,CHP2,MAPK12,BCL2,PRPH2,PRPH,,,,,,,,,,,,,,,,,,,,,,,,,,,,,,,,,,,,,,,,,,,,,,,,,,,,,,,,,,,,,,,,,,,,,,,,,,,,,,,,,,,,,,,,,,,,,,,,,,,,,,,,,,,,,,,,,,,,,,,,,,,,,,,,,,,,,,,,,,,
KEGG_PATHOGENIC_ESCHERICHIA_COLI_INFECTION_1,Phantom,TUBA1A,WAS,TUBB3,ROCK1,TUBB2A,LY96,ABL1,TUBA1B,ARPC4,CD14,NCL,YWHAQ,TLR5,TUBA4A,ACTB,TUBB1,EZR,ARHGEF2,TLR4,TUBB6,ARPC5L,TUBB,FYN,,,,,,,,,,,,,,,,,,,,,,,,,,,,,,,,,,,,,,,,,,,,,,,,,,,,,,,,,,,,,,,,,,,,,,,,,,,,,,,,,,,,,,,,,,,,,,,,,,,,,,,,,,,,,,,,,,,,,,,,,,,,,,,,,,,,,,,,
KEGG_PATHOGENIC_ESCHERICHIA_COLI_INFECTION_2,Phantom,PRKCA,CLDN1,TUBB4A,CTTN,WASL,ITGB1,TUBB7P,TUBB2B,TUBAL3,TUBA8,ROCK2,YWHAZ,OCLN,CDC42,CDH1,,,,,,,,,,,,,,,,,,,,,,,,,,,,,,,,,,,,,,,,,,,,,,,,,,,,,,,,,,,,,,,,,,,,,,,,,,,,,,,,,,,,,,,,,,,,,,,,,,,,,,,,,,,,,,,,,,,,,,,,,,,,,,,,,,,,,,,,,,,,,,,,
KEGG_LEISHMANIA_INFECTION_1,Phantom,JUN,HLA-DOA,ELK1,ITGAM,FCGR1A,IRAK4,IL12B,MAPK11,MAPK13,IL12A,NOS2,IL1A,JAK2,ITGB1,CR1,IL10,MAPK14,MAPK12,TGFB2,TGFB1,IFNG,TGFB3,HLA-DQA1,HLA-DQB1,C3,TAB1,IL4,,,,,,,,,,,,,,,,,,,,,,,,,,,,,,,,,,,,,,,,,,,,,,,,,,,,,,,,,,,,,,,,,,,,,,,,,,,,,,,,,,,,,,,,,,,,,,,,,,,,,,,,,,,,,,,,,,,,,,,,,,,,,,,,,,,,
KEGG_LEISHMANIA_INFECTION_2,Phantom,STAT1,TNF,ITGA4,MYD88,FCGR2C,HLA-DMB,PTPN6,NCF4,PTGS2,MAP3K7,JAK1,MAPK3,FCGR2A,NFKBIB,MARCKSL1,MAPK1,HLA-DRB4,RELA,TRAF6,IFNGR1,TAB2,IL1B,IRAK1,HLA-DPA1,HLA-DPB1,TLR4,TLR2,FOS,HLA-DRA,,,,,,,,,,,,,,,,,,,,,,,,,,,,,,,,,,,,,,,,,,,,,,,,,,,,,,,,,,,,,,,,,,,,,,,,,,,,,,,,,,,,,,,,,,,,,,,,,,,,,,,,,,,,,,,,,,,,,,,,,,,,,,,,,,
KEGG_AUTOIMMUNE_THYROID_DISEASE_1,Phantom,HLA-DOA,CD80,CD86,CD28,IFNA5,IFNA4,IFNA2,TSHR,TSHB,IFNA1,TG,CGA,IFNA17,IFNA21,IFNA7,IFNA8,IFNA10,IFNA14,IFNA16,TPO,IL10,CTLA4,HLA-DRB4,IL2,CD40LG,HLA-DPA1,CD40,HLA-DQA1,HLA-DQB1,FAS,FASLG,IL4,IL5,,,,,,,,,,,,,,,,,,,,,,,,,,,,,,,,,,,,,,,,,,,,,,,,,,,,,,,,,,,,,,,,,,,,,,,,,,,,,,,,,,,,,,,,,,,,,,,,,,,,,,,,,,,,,,,,,,,,,,,,,,,,,,
KEGG_AUTOIMMUNE_THYROID_DISEASE_2,Phantom,HLA-C,HLA-DMB,HLA-A,HLA-G,PRF1,GZMB,HLA-E,HLA-DPB1,HLA-DRA,,,,,,,,,,,,,,,,,,,,,,,,,,,,,,,,,,,,,,,,,,,,,,,,,,,,,,,,,,,,,,,,,,,,,,,,,,,,,,,,,,,,,,,,,,,,,,,,,,,,,,,,,,,,,,,,,,,,,,,,,,,,,,,,,,,,,,,,,,,,,,,,,,,,,,
KEGG_ALLOGRAFT_REJECTION_1,Phantom,HLA-DRB4,HLA-DOA,CD80,CD86,CD28,TNF,IFNG,IL2,CD40LG,HLA-DPA1,CD40,IL12B,HLA-DQA1,IL12A,HLA-DQB1,FAS,FASLG,IL4,IL5,IL10,,,,,,,,,,,,,,,,,,,,,,,,,,,,,,,,,,,,,,,,,,,,,,,,,,,,,,,,,,,,,,,,,,,,,,,,,,,,,,,,,,,,,,,,,,,,,,,,,,,,,,,,,,,,,,,,,,,,,,,,,,,,,,,,,,,,,,,,,,,
KEGG_ALLOGRAFT_REJECTION_2,Phantom,HLA-C,HLA-DMB,HLA-E,HLA-A,HLA-DPB1,HLA-G,PRF1,GZMB,HLA-DRA,,,,,,,,,,,,,,,,,,,,,,,,,,,,,,,,,,,,,,,,,,,,,,,,,,,,,,,,,,,,,,,,,,,,,,,,,,,,,,,,,,,,,,,,,,,,,,,,,,,,,,,,,,,,,,,,,,,,,,,,,,,,,,,,,,,,,,,,,,,,,,,,,,,,,,
KEGG_GRAFT_VERSUS_HOST_DISEASE_1,Phantom,HLA-DRB4,KIR2DL1,HLA-DOA,CD80,CD86,KLRD1,CD28,TNF,KIR2DL2,KIR2DL3,IFNG,IL2,HLA-DPA1,HLA-DQA1,KIR3DL1,HLA-DQB1,IL1A,FAS,FASLG,KIR2DL5A,IL6,,,,,,,,,,,,,,,,,,,,,,,,,,,,,,,,,,,,,,,,,,,,,,,,,,,,,,,,,,,,,,,,,,,,,,,,,,,,,,,,,,,,,,,,,,,,,,,,,,,,,,,,,,,,,,,,,,,,,,,,,,,,,,,,,,,,,,,,,,
KEGG_GRAFT_VERSUS_HOST_DISEASE_2,Phantom,HLA-C,HLA-DMB,IL1B,HLA-E,HLA-A,HLA-DPB1,HLA-G,PRF1,GZMB,HLA-DRA,,,,,,,,,,,,,,,,,,,,,,,,,,,,,,,,,,,,,,,,,,,,,,,,,,,,,,,,,,,,,,,,,,,,,,,,,,,,,,,,,,,,,,,,,,,,,,,,,,,,,,,,,,,,,,,,,,,,,,,,,,,,,,,,,,,,,,,,,,,,,,,,,,,,,
KEGG_PRIMARY_IMMUNODEFICIENCY_1,Phantom,ZAP70,IKBKG,RFX5,CD8A,CD8B,TAP1,ICOS,UNG,IL7R,ADA,CD40LG,CD40,BTK,BLNK,CD19,CD3D,CD3E,RFXANK,CD79A,TNFRSF13B,LCK,PTPRC,DCLRE1C,,,,,,,,,,,,,,,,,,,,,,,,,,,,,,,,,,,,,,,,,,,,,,,,,,,,,,,,,,,,,,,,,,,,,,,,,,,,,,,,,,,,,,,,,,,,,,,,,,,,,,,,,,,,,,,,,,,,,,,,,,,,,,,,,,,,,,,,
KEGG_PRIMARY_IMMUNODEFICIENCY_2,Phantom,CD4,RFXAP,TAP2,AICDA,RAG2,RAG1,AIRE,JAK3,IGLL1,CIITA,,,,,,,,,,,,,,,,,,,,,,,,,,,,,,,,,,,,,,,,,,,,,,,,,,,,,,,,,,,,,,,,,,,,,,,,,,,,,,,,,,,,,,,,,,,,,,,,,,,,,,,,,,,,,,,,,,,,,,,,,,,,,,,,,,,,,,,,,,,,,,,,,,,,,
KEGG_VIRAL_MYOCARDITIS_1,Phantom,CASP8,CD80,CD86,CD28,EIF4G3,ITGAL,ICAM1,CXADR,HLA-C,HLA-DMB,HLA-A,RAC2,BID,HLA-G,ABL1,ABL2,CASP3,PRF1,EIF4G1,HLA-DRB4,DAG1,CD55,ACTB,HLA-E,CD40LG,HLA-DPA1,CD40,HLA-DPB1,MYH3,CYCS,MYH9,FYN,HLA-DRA,,,,,,,,,,,,,,,,,,,,,,,,,,,,,,,,,,,,,,,,,,,,,,,,,,,,,,,,,,,,,,,,,,,,,,,,,,,,,,,,,,,,,,,,,,,,,,,,,,,,,,,,,,,,,,,,,,,,,,,,,,,,,,
KEGG_VIRAL_MYOCARDITIS_2,Phantom,HLA-DOA,MYH13,MYH14,MYH1,DMD,MYH15,RAC3,EIF4G2,SGCD,SGCG,SGCA,SGCB,LAMA2,CCND1,MYH7B,HLA-DQA1,HLA-DQB1,CAV1,MYH2,MYH4,MYH7,MYH6,MYH8,MYH11,MYH10,,,,,,,,,,,,,,,,,,,,,,,,,,,,,,,,,,,,,,,,,,,,,,,,,,,,,,,,,,,,,,,,,,,,,,,,,,,,,,,,,,,,,,,,,,,,,,,,,,,,,,,,,,,,,,,,,,,,,,,,,,,,,,,,,,,,,,
